{"left_elbow": 156.8494378860644, "left_knee": 91.00880518887023, "left_hip": 91.19988475322886, "right_hip": 86.10251493991747, "left_shoulder": 142.6871778476201, "left_ankle": 88.78916680593252, "left_wrist": 149.4123144162733, "left_foot_index": 14.791581377737295}